Lot_ID,Component_ID,Param_Name,Value_0h,Value_24h,Value_96h,Value_168h,Unit,Spec_Min,Spec_Max,Is_Defective,Defect_Type,Injected_Glitch,Delta_Pct,Delta_Floor,Two_Sided,Log_Scale,die_x,die_y
L01,L01-0001,Iddq,3.9155,4.1784,4.1084,4.2636,µA,0.0,25.0,0,none,0,0.5,1.0,False,True,112362.03565420875,236885.44283836617
L01,L01-0001,Leakage,2.1809,2.2156,2.2997,2.202,µA,0.0,50.0,0,none,0,1.0,0.5,False,True,112362.03565420875,236885.44283836617
L01,L01-0001,Prop_Delay,11.9475,12.0302,12.0454,12.1038,ns,0.0,20.0,0,none,0,0.08,0.2,True,False,112362.03565420875,236885.44283836617
L01,L01-0002,Iddq,5.0164,5.1418,5.2188,5.2936,µA,0.0,25.0,0,none,0,0.5,1.0,False,True,285214.29192297487,27361.83091460711
L01,L01-0002,Leakage,2.555,2.3827,2.3993,2.4641,µA,0.0,50.0,0,none,0,1.0,0.5,False,True,285214.29192297487,27361.83091460711
L01,L01-0002,Prop_Delay,11.589,11.7675,11.7366,11.7507,ns,0.0,20.0,0,none,0,0.08,0.2,True,False,285214.29192297487,27361.83091460711
L01,L01-0003,Iddq,4.8879,5.2355,5.1409,5.2197,µA,0.0,25.0,0,none,0,0.5,1.0,False,True,219598.1825434215,148326.09141077445
L01,L01-0003,Leakage,1.372,1.3888,1.4997,1.5033,µA,0.0,50.0,0,none,0,1.0,0.5,False,True,219598.1825434215,148326.09141077445
L01,L01-0003,Prop_Delay,11.8538,11.95,12.0613,12.0339,ns,0.0,20.0,0,none,0,0.08,0.2,True,False,219598.1825434215,148326.09141077445
L01,L01-0004,Iddq,5.8284,6.091,6.0195,5.8937,µA,0.0,25.0,0,none,0,0.5,1.0,False,True,179597.54525911098,17267.628004993287
L01,L01-0004,Leakage,1.8043,1.6966,1.811,1.723,µA,0.0,50.0,0,none,0,1.0,0.5,False,True,179597.54525911098,17267.628004993287
L01,L01-0004,Prop_Delay,11.6469,11.7368,11.7325,11.7852,ns,0.0,20.0,0,none,0,0.08,0.2,True,False,179597.54525911098,17267.628004993287
L01,L01-0005,Iddq,3.28,3.3665,3.3113,3.3867,µA,0.0,25.0,0,none,0,0.5,1.0,False,True,46805.59213273096,164858.66469712066
L01,L01-0005,Leakage,1.2129,1.2416,1.374,1.3172,µA,0.0,50.0,0,none,0,1.0,0.5,False,True,46805.59213273096,164858.66469712066
L01,L01-0005,Prop_Delay,11.9515,11.9957,12.0398,12.0852,ns,0.0,20.0,0,none,0,0.08,0.2,True,False,46805.59213273096,164858.66469712066
L01,L01-0006,Iddq,6.219,6.5357,6.8852,6.8002,µA,0.0,25.0,0,none,0,0.5,1.0,False,True,46798.3561008608,132459.1504120131
L01,L01-0006,Leakage,2.6371,2.8041,2.8563,2.8606,µA,0.0,50.0,0,none,0,1.0,0.5,False,True,46798.3561008608,132459.1504120131
L01,L01-0006,Prop_Delay,11.5073,11.5398,11.6316,11.6354,ns,0.0,20.0,0,none,0,0.08,0.2,True,False,46798.3561008608,132459.1504120131
L01,L01-0007,Iddq,4.3047,4.4823,4.4107,4.4376,µA,0.0,25.0,0,none,0,0.5,1.0,False,True,17425.083650459837,266311.2548274899
L01,L01-0007,Leakage,1.5481,1.594,1.5787,1.5532,µA,0.0,50.0,0,none,0,1.0,0.5,False,True,17425.083650459837,266311.2548274899
L01,L01-0007,Prop_Delay,12.1375,12.2796,12.3078,12.2934,ns,0.0,20.0,0,none,0,0.08,0.2,True,False,17425.083650459837,266311.2548274899
L01,L01-0008,Iddq,3.1033,3.3025,3.3147,3.3057,µA,0.0,25.0,0,none,0,0.5,1.0,False,True,259852.8437324805,105274.5037656236
L01,L01-0008,Leakage,1.9175,1.9448,2.0888,2.0082,µA,0.0,50.0,0,none,0,1.0,0.5,False,True,259852.8437324805,105274.5037656236
L01,L01-0008,Prop_Delay,12.1314,12.2256,12.2431,12.2404,ns,0.0,20.0,0,none,0,0.08,0.2,True,False,259852.8437324805,105274.5037656236
L01,L01-0009,Iddq,4.4458,4.6877,4.8104,4.6655,µA,0.0,25.0,0,none,0,0.5,1.0,False,True,180334.50352296265,35120.10492828176
L01,L01-0009,Leakage,4.68,4.6863,4.7335,4.8022,µA,0.0,50.0,0,none,0,1.0,0.5,False,True,180334.50352296265,35120.10492828176
L01,L01-0009,Prop_Delay,11.8838,12.0811,12.2137,12.3101,ns,0.0,20.0,0,none,0,0.08,0.2,True,False,180334.50352296265,35120.10492828176
L01,L01-0010,Iddq,4.8485,4.9506,4.9819,5.2313,µA,0.0,25.0,0,none,0,0.5,1.0,False,True,212421.77333881363,42897.504615850754
L01,L01-0010,Leakage,1.2985,1.4075,1.292,1.2131,µA,0.0,50.0,0,none,0,1.0,0.5,False,True,212421.77333881363,42897.504615850754
L01,L01-0010,Prop_Delay,11.8218,11.8954,12.024,12.0339,ns,0.0,20.0,0,none,0,0.08,0.2,True,False,212421.77333881363,42897.504615850754
L01,L01-0011,Iddq,3.3439,3.5433,3.4325,3.5898,µA,0.0,25.0,0,none,0,0.5,1.0,False,True,6175.348288740735,228453.18951524168
L01,L01-0011,Leakage,1.4145,1.2265,1.327,1.2458,µA,0.0,50.0,0,none,0,1.0,0.5,False,True,6175.348288740735,228453.18951524168
L01,L01-0011,Prop_Delay,11.7956,11.9758,12.083,12.1521,ns,0.0,20.0,0,none,0,0.08,0.2,True,False,6175.348288740735,228453.18951524168
L01,L01-0012,Iddq,3.7787,3.9445,4.0358,4.1034,µA,0.0,25.0,0,none,0,0.5,1.0,False,True,290972.9556485983,185465.41899487836
L01,L01-0012,Leakage,1.6104,1.6847,1.6354,1.6084,µA,0.0,50.0,0,none,0,1.0,0.5,False,True,290972.9556485983,185465.41899487836
L01,L01-0012,Prop_Delay,11.858,12.0028,12.1554,12.0926,ns,0.0,20.0,0,none,0,0.08,0.2,True,False,290972.9556485983,185465.41899487836
L01,L01-0013,Iddq,4.4845,4.4888,4.8117,4.6327,µA,0.0,25.0,0,none,0,0.5,1.0,False,True,249732.79224012647,30336.802836837072
L01,L01-0013,Leakage,1.7396,1.8227,1.8257,1.7115,µA,0.0,50.0,0,none,0,1.0,0.5,False,True,249732.79224012647,30336.802836837072
L01,L01-0013,Prop_Delay,11.8474,12.0113,12.1431,12.1126,ns,0.0,20.0,0,none,0,0.08,0.2,True,False,249732.79224012647,30336.802836837072
L01,L01-0014,Iddq,3.0041,3.1613,3.187,3.1603,µA,0.0,25.0,0,none,0,0.5,1.0,False,True,63701.73320348284,25232.04183449923
L01,L01-0014,Leakage,1.943,1.8916,1.9249,1.8863,µA,0.0,50.0,0,none,0,1.0,0.5,False,True,63701.73320348284,25232.04183449923
L01,L01-0014,Prop_Delay,11.6748,11.8488,11.8684,11.9187,ns,0.0,20.0,0,none,0,0.08,0.2,True,False,63701.73320348284,25232.04183449923
L01,L01-0015,Iddq,3.6015,3.6334,3.8162,3.7281,µA,0.0,25.0,0,none,0,0.5,1.0,False,True,54547.49016213018,210290.739437736
L01,L01-0015,Leakage,2.1267,2.0329,2.2566,2.3102,µA,0.0,50.0,0,none,0,1.0,0.5,False,True,54547.49016213018,210290.739437736
L01,L01-0015,Prop_Delay,11.8963,11.8962,12.0512,11.9835,ns,0.0,20.0,0,none,0,0.08,0.2,True,False,54547.49016213018,210290.739437736
L01,L01-0016,Iddq,5.9324,6.1525,6.2685,6.3232,µA,0.0,25.0,0,none,0,0.5,1.0,False,True,55021.35295603015,21828.901909258057
L01,L01-0016,Leakage,5.2111,5.1722,4.9932,5.3605,µA,0.0,50.0,0,none,0,1.0,0.5,False,True,55021.35295603015,21828.901909258057
L01,L01-0016,Prop_Delay,11.3201,11.3331,11.3471,11.384,ns,0.0,20.0,0,none,0,0.08,0.2,True,False,55021.35295603015,21828.901909258057
L01,L01-0017,Iddq,6.3546,6.6312,6.869,7.109,µA,0.0,25.0,0,none,0,0.5,1.0,False,True,91272.67288786132,246558.0177871069
L01,L01-0017,Leakage,5.8042,6.0772,6.0663,5.7128,µA,0.0,50.0,0,none,0,1.0,0.5,False,True,91272.67288786132,246558.0177871069
L01,L01-0017,Prop_Delay,11.6283,11.7504,11.8377,11.8042,ns,0.0,20.0,0,none,0,0.08,0.2,True,False,91272.67288786132,246558.0177871069
L01,L01-0018,Iddq,3.7677,4.0531,4.265,4.2107,µA,0.0,25.0,0,none,0,0.5,1.0,False,True,157426.92948967134,211872.66814694885
L01,L01-0018,Leakage,1.7165,1.7786,1.9031,1.7836,µA,0.0,50.0,0,none,0,1.0,0.5,False,True,157426.92948967134,211872.66814694885
L01,L01-0018,Prop_Delay,11.7749,11.8688,11.8563,11.8929,ns,0.0,20.0,0,none,0,0.08,0.2,True,False,157426.92948967134,211872.66814694885
L01,L01-0019,Iddq,6.6858,6.8429,7.3017,7.3154,µA,0.0,25.0,0,none,0,0.5,1.0,False,True,129583.50559263473,24404.63419256993
L01,L01-0019,Leakage,5.4108,5.6803,5.6468,5.58,µA,0.0,50.0,0,none,0,1.0,0.5,False,True,129583.50559263473,24404.63419256993
L01,L01-0019,Prop_Delay,11.2578,11.3544,11.4055,11.3583,ns,0.0,20.0,0,none,0,0.08,0.2,True,False,129583.50559263473,24404.63419256993
L01,L01-0020,Iddq,2.46,2.6481,2.7701,2.7989,µA,0.0,25.0,0,none,0,0.5,1.0,False,True,87368.74205941257,25451.314225557577
L01,L01-0020,Leakage,1.6127,1.6542,1.5793,1.657,µA,0.0,50.0,0,none,0,1.0,0.5,False,True,87368.74205941257,25451.314225557577
L01,L01-0020,Prop_Delay,12.1546,12.2092,12.3025,12.3449,ns,0.0,20.0,0,none,0,0.08,0.2,True,False,87368.74205941257,25451.314225557577
L01,L01-0021,Iddq,2.9895,3.0204,3.0769,3.0213,µA,0.0,25.0,0,none,0,0.5,1.0,False,True,183555.86841671384,295991.87355035264
L01,L01-0021,Leakage,0.8761,0.7994,0.8665,0.8807,µA,0.0,50.0,0,none,0,1.0,0.5,False,True,183555.86841671384,295991.87355035264
L01,L01-0021,Prop_Delay,12.0113,12.0995,12.1585,12.1554,ns,0.0,20.0,0,none,0,0.08,0.2,True,False,183555.86841671384,295991.87355035264
L01,L01-0022,Iddq,4.6217,5.0615,5.0328,4.9437,µA,0.0,25.0,0,none,0,0.5,1.0,False,True,41848.15819561255,112281.23872683608
L01,L01-0022,Leakage,1.9092,1.9502,2.1647,1.875,µA,0.0,50.0,0,none,0,1.0,0.5,False,True,41848.15819561255,112281.23872683608
L01,L01-0022,Prop_Delay,11.6894,11.7321,11.7691,11.8331,ns,0.0,20.0,0,none,0,0.08,0.2,True,False,41848.15819561255,112281.23872683608
L01,L01-0023,Iddq,4.6661,4.6203,4.7586,4.8004,µA,0.0,25.0,0,none,0,0.5,1.0,False,True,87643.39456056544,111192.64412006729
L01,L01-0023,Leakage,2.1844,2.1432,2.2044,2.1973,µA,0.0,50.0,0,none,0,1.0,0.5,False,True,87643.39456056544,111192.64412006729
L01,L01-0023,Prop_Delay,29.7768,30.1475,30.4843,30.3237,ns,0.0,20.0,1,gross_outlier,0,0.08,0.2,True,False,87643.39456056544,111192.64412006729
L01,L01-0024,Iddq,5.0399,5.2028,5.1937,5.2255,µA,0.0,25.0,0,none,0,0.5,1.0,False,True,109908.5529881075,243839.8701772508
L01,L01-0024,Leakage,5.4639,5.7125,5.707,6.0416,µA,0.0,50.0,0,none,0,1.0,0.5,False,True,109908.5529881075,243839.8701772508
L01,L01-0024,Prop_Delay,11.583,11.7319,11.7431,11.712,ns,0.0,20.0,0,none,0,0.08,0.2,True,False,109908.5529881075,243839.8701772508
L01,L01-0025,Iddq,4.269,4.32,4.4255,4.6972,µA,0.0,25.0,0,none,0,0.5,1.0,False,True,136820.99526511077,284174.5732151576
L01,L01-0025,Leakage,1.6041,1.7034,1.7042,1.6496,µA,0.0,50.0,0,none,0,1.0,0.5,False,True,136820.99526511077,284174.5732151576
L01,L01-0025,Prop_Delay,12.1839,12.2878,12.4267,12.3382,ns,0.0,20.0,0,none,0,0.08,0.2,True,False,136820.99526511077,284174.5732151576
L01,L01-0026,Iddq,4.6476,5.0115,4.9742,5.2126,µA,0.0,25.0,0,none,0,0.5,1.0,False,True,235552.78841790408,295800.31914686126
L01,L01-0026,Leakage,1.2876,1.1966,1.3404,1.2772,µA,0.0,50.0,0,none,0,1.0,0.5,False,True,235552.78841790408,295800.31914686126
L01,L01-0026,Prop_Delay,12.0956,12.2755,12.3547,12.3356,ns,0.0,20.0,0,none,0,0.08,0.2,True,False,235552.78841790408,295800.31914686126
L01,L01-0027,Iddq,7.5279,7.5824,7.7622,7.8795,µA,0.0,25.0,0,none,0,0.5,1.0,False,True,59902.13464750792,226013.4555776825
L01,L01-0027,Leakage,0.9432,1.0248,0.9675,1.0209,µA,0.0,50.0,0,none,0,1.0,0.5,False,True,59902.13464750792,226013.4555776825
L01,L01-0027,Prop_Delay,11.4976,11.6302,11.6843,11.7173,ns,0.0,20.0,0,none,0,0.08,0.2,True,False,59902.13464750792,226013.4555776825
L01,L01-0028,Iddq,4.4274,4.7553,4.8487,4.9861,µA,0.0,25.0,0,none,0,0.5,1.0,False,True,154270.33152408348,112877.87565927472
L01,L01-0028,Leakage,1.476,1.3398,1.2924,1.307,µA,0.0,50.0,0,none,0,1.0,0.5,False,True,154270.33152408348,112877.87565927472
L01,L01-0028,Prop_Delay,11.3363,11.553,11.5608,11.503,ns,0.0,20.0,0,none,0,0.08,0.2,True,False,154270.33152408348,112877.87565927472
L01,L01-0029,Iddq,2.3188,2.225,2.3623,2.3235,µA,0.0,25.0,0,none,0,0.5,1.0,False,True,177724.37065861275,25050.21500960063
L01,L01-0029,Leakage,1.7528,1.4527,1.5711,1.8396,µA,0.0,50.0,0,none,0,1.0,0.5,False,True,177724.37065861275,25050.21500960063
L01,L01-0029,Prop_Delay,11.7641,11.9188,11.9463,12.0276,ns,0.0,20.0,0,none,0,0.08,0.2,True,False,177724.37065861275,25050.21500960063
L01,L01-0030,Iddq,4.8391,5.1348,5.1558,5.2554,µA,0.0,25.0,0,none,0,0.5,1.0,False,True,13935.123815999315,233144.07477823104
L01,L01-0030,Leakage,1.5167,1.6332,1.6862,1.711,µA,0.0,50.0,0,none,0,1.0,0.5,False,True,13935.123815999315,233144.07477823104
L01,L01-0030,Prop_Delay,11.6385,11.8978,12.0304,12.0165,ns,0.0,20.0,0,none,0,0.08,0.2,True,False,13935.123815999315,233144.07477823104
L01,L01-0031,Iddq,4.6416,4.7436,4.8233,4.8868,µA,0.0,25.0,0,none,0,0.5,1.0,False,True,182263.4555704315,167521.2749207415
L01,L01-0031,Leakage,2.6624,2.596,2.6968,2.8694,µA,0.0,50.0,0,none,0,1.0,0.5,False,True,182263.4555704315,167521.2749207415
L01,L01-0031,Prop_Delay,11.6481,11.8353,11.8762,11.899,ns,0.0,20.0,0,none,0,0.08,0.2,True,False,182263.4555704315,167521.2749207415
L01,L01-0032,Iddq,4.7753,4.8764,4.9599,4.9874,µA,0.0,25.0,0,none,0,0.5,1.0,False,True,51157.23710618746,127266.60277409288
L01,L01-0032,Leakage,1.3536,1.4685,1.3951,1.4655,µA,0.0,50.0,0,none,0,1.0,0.5,False,True,51157.23710618746,127266.60277409288
L01,L01-0032,Prop_Delay,11.5956,11.6975,11.7654,11.8778,ns,0.0,20.0,0,none,0,0.08,0.2,True,False,51157.23710618746,127266.60277409288
L01,L01-0033,Iddq,4.4711,4.7081,4.8482,4.822,µA,0.0,25.0,0,none,0,0.5,1.0,False,True,19515.477895583856,271906.3155284208
L01,L01-0033,Leakage,1.6564,1.4305,1.6079,1.6373,µA,0.0,50.0,0,none,0,1.0,0.5,False,True,19515.477895583856,271906.3155284208
L01,L01-0033,Prop_Delay,11.913,12.2281,12.1884,12.2052,ns,0.0,20.0,0,none,0,0.08,0.2,True,False,19515.477895583856,271906.3155284208
L01,L01-0034,Iddq,4.7335,5.0768,4.9243,5.1266,µA,0.0,25.0,0,none,0,0.5,1.0,False,True,284665.661176,33359.2446918454
L01,L01-0034,Leakage,2.0317,2.0921,2.0297,1.8659,µA,0.0,50.0,0,none,0,1.0,0.5,False,True,284665.661176,33359.2446918454
L01,L01-0034,Prop_Delay,11.6513,11.8501,11.9592,11.9665,ns,0.0,20.0,0,none,0,0.08,0.2,True,False,284665.661176,33359.2446918454
L01,L01-0035,Iddq,3.2353,3.5354,3.4589,3.5931,µA,0.0,25.0,0,none,0,0.5,1.0,False,True,289689.6099223678,147787.53128725773
L01,L01-0035,Leakage,1.0,1.0161,0.8792,0.8339,µA,0.0,50.0,0,none,0,1.0,0.5,False,True,289689.6099223678,147787.53128725773
L01,L01-0035,Prop_Delay,12.0329,12.3094,12.3713,12.5218,ns,0.0,20.0,0,none,0,0.08,0.2,True,False,289689.6099223678,147787.53128725773
L01,L01-0036,Iddq,3.6814,3.8074,4.005,3.9667,µA,0.0,25.0,0,none,0,0.5,1.0,False,True,242519.20443493835,3406.093430225721
L01,L01-0036,Leakage,1.3236,1.3203,1.5226,1.4665,µA,0.0,50.0,0,none,0,1.0,0.5,False,True,242519.20443493835,3406.093430225721
L01,L01-0036,Prop_Delay,11.4617,11.6592,11.7028,11.6324,ns,0.0,20.0,0,none,0,0.08,0.2,True,False,242519.20443493835,3406.093430225721
L01,L01-0037,Iddq,3.3629,3.7528,3.7914,3.7151,µA,0.0,25.0,0,none,0,0.5,1.0,False,True,91384.1307520112,140598.1925982379
L01,L01-0037,Leakage,3.4798,3.6541,3.5385,3.4897,µA,0.0,50.0,0,none,0,1.0,0.5,False,True,91384.1307520112,140598.1925982379
L01,L01-0037,Prop_Delay,11.4813,11.5876,11.5946,11.6371,ns,0.0,20.0,0,none,0,0.08,0.2,True,False,91384.1307520112,140598.1925982379
L01,L01-0038,Iddq,5.3555,5.3805,5.3851,5.7197,µA,0.0,25.0,0,none,0,0.5,1.0,False,True,29301.63420191516,16890.982704551207
L01,L01-0038,Leakage,2.0417,1.9408,2.0694,1.9614,µA,0.0,50.0,0,none,0,1.0,0.5,False,True,29301.63420191516,16890.982704551207
L01,L01-0038,Prop_Delay,12.0912,12.2643,12.2975,12.3095,ns,0.0,20.0,0,none,0,0.08,0.2,True,False,29301.63420191516,16890.982704551207
L01,L01-0039,Iddq,4.2283,4.3397,4.3385,4.3625,µA,0.0,25.0,0,none,0,0.5,1.0,False,True,205269.90795364708,35645.37488042158
L01,L01-0039,Leakage,0.7766,0.7525,0.7771,0.7912,µA,0.0,50.0,0,none,0,1.0,0.5,False,True,205269.90795364708,35645.37488042158
L01,L01-0039,Prop_Delay,12.4648,12.6681,12.6994,12.7678,ns,0.0,20.0,0,none,0,0.08,0.2,True,False,205269.90795364708,35645.37488042158
L01,L01-0040,Iddq,3.7682,3.9488,3.8994,4.1374,µA,0.0,25.0,0,none,0,0.5,1.0,False,True,132045.7481218804,35257.87403313146
L01,L01-0040,Leakage,2.3815,2.3219,2.3883,2.3219,µA,0.0,50.0,0,none,0,1.0,0.5,False,True,132045.7481218804,35257.87403313146
L01,L01-0040,Prop_Delay,11.819,11.8655,12.037,12.035,ns,0.0,20.0,0,none,0,0.08,0.2,True,False,132045.7481218804,35257.87403313146
